package_id,name,ecosystem
1,express-validator,npm
2,webapp-auth,npm
3,data-processor,npm
4,secure-config,npm
5,file-handler,npm
6,api-client,pip
7,db-utils,pip
8,http-server,pip
9,json-parser,pip
10,security-utils,maven
11,rest-api,maven
12,data-validator,maven
13,oauth-client,npm
14,xml-processor,pip
15,crypto-helper,npm
16,session-manager,pip
17,file-uploader,npm
18,api-gateway,maven
19,config-loader,pip
20,websocket-server,npm
21,image-processor,pip
22,rate-limiter,npm
23,data-encryption,maven
24,log-parser,pip
25,http-client,npm
26,template-engine,maven
27,cache-manager,pip
28,password-validator,npm
29,json-api,pip
30,security-middleware,maven
31,file-compressor,npm
32,api-router,pip
33,data-serializer,maven
34,oauth-provider,npm
35,config-parser,pip
36,http-proxy,maven
37,validation-library,npm
38,encryption-service,pip
39,api-security,maven
40,file-reader,npm
41,data-transformer,pip
42,websocket-client,maven
43,authentication-service,npm
44,json-validator,pip
45,security-framework,maven
46,http-handler,npm
47,data-storage,pip
